
-- Creacion de la Base de Datos 
CREATE DATABASE BibliotecaBD


-- Creacion de Tablas 
USE BibliotecaBD

-- Creacion de la Tabla Autor
CREATE TABLE Autor (
	a_id int  
		CONSTRAINT pk_Autor_a_id PRIMARY KEY,
	nombre VARCHAR (20) NOT NULL
)

-- Creacion de la Tabla Usuario
CREATE TABLE Usuario (
	u_id INT
		CONSTRAINT pk_Usuario_id_u PRIMARY KEY,
	nombre VARCHAR (20) NOT NULL,
	telefono CHAR (12)
)

-- Creacion de la Tabla Libro
CREATE TABLE Libro (
	l_id INT
		CONSTRAINT pk_Libro_l_id PRIMARY KEY, 
	titulo VARCHAR (25) NOT NULL,
	precio DECIMAL (5,2) NOT NULL
		CONSTRAINT ck_Libro_precio CHECK ((precio >= 1.00) and (precio <= 150.00)),
	formato CHAR (2)
		CONSTRAINT ck_Libro_formato CHECK (formato in ('td','tb','cd')),
	u_id INT
		CONSTRAINT fk_Libro_u_id FOREIGN KEY REFERENCES Usuario(u_id)
)

-- Creacion de la Tabla Autor_de_Libro 
CREATE TABLE Autor_de_Libro (
	a_id INT
		CONSTRAINT fk_Autor_de_Libro_a_id FOREIGN KEY REFERENCES Autor(a_id),
	l_id INT 
		CONSTRAINT fk_Autor_de_Libro_l_id FOREIGN KEY REFERENCES Libro(l_id)
		CONSTRAINT pk_Autor_de_LibrRo_a_id_l_id PRIMARY KEY (a_id, l_id) 
)


-- Verificacion de Tablas --

SELECT * FROM Autor 
SELECT * FROM Usuario
SELECT * FROM Libro
SELECT * FROM Autor_de_Libro

-- Insercion de datos -- 

INSERT INTO Autor (a_id, nombre) VALUES
(11,'Mary Ellen Taylor'),
(12,'Colleen Hoveer'),
(13,'Freida McFadden'),
(14,'Josh McFarlan'),
(15,'Jeneva Rose'),
(16,'Dean Koontz'),
(17, 'Jory Guerin'),
(18, 'Pammi Costelow'),
(19, 'Hillel Oakley'),
(20, 'Dallon Moughtin'),
(21, 'Mattias Willows'),
(22, 'Jolynn Swyn'),
(23, 'Moishe Ricardon'),
(24, 'Lisette Vile'),
(25, 'Garik Goodnow'),
(26, 'Ronnica Pakeman'),
(27, 'Alejandra Rich'),
(28, 'Fina Chaikovski'),
(29, 'Herminia Bracco'),
(30, 'Krissie Kerfut'),
(31, 'Josie Rishbrook'),
(32, 'Bear Drinan'),
(33, 'Seamus Whelpdale'),
(34, 'Say Lestor'),
(35, 'Arch Lidgely'),
(36, 'Luciano Deverell'),
(37, 'Alisander Folan'),
(38, 'Auroora Simoncello'),
(39, 'Upton Stoven'),
(40, 'Oswald Coppeard'),
(41, 'Mariam Velden'),
(42, 'Aprilette Blore'),
(43, 'Eden Rodge'),
(44, 'Daniel Hovy'),
(45, 'Jeannette St Leger'),
(46, 'Doretta Belsher'),
(47, 'Papagena Schoular'),
(48, 'Rickey Straw'),
(49, 'Martelle Ruppelin'),
(50, 'Jane Ollerton'),
(51, 'Gusta Brookbank'),
(52, 'Penni Brannigan'),
(53, 'Rozalin Byneth'),
(54, 'Fernanda Barber'),
(55, 'Van Der Weedenburg'),
(56, 'Mariam Renshell'),
(57, 'Casar Strangward'),
(58, 'Donnie Marishenko'),
(59, 'Drucill Marielle'),
(60, 'Genvieve Boole'),
(61, 'Kally Albasini'),
(62, 'Emmaline Metterick'),
(63, 'Margarethe Teager'),
(64, 'Novelia Flooks'),
(65, 'Donia Dust'),
(66, 'Addison Capun'),
(67, 'Madge Bennen'),
(68, 'Roma Probyn'),
(69, 'Maurine Mawhinney'),
(70, 'Laney Burnhard'),
(71, 'Micky Nannizzi'),
(72, 'Osbert Shipley'),
(73, 'Herc Winkless'),
(74, 'Rainer Hellwing'),
(75, 'Jacquenette Pigeram'),
(76, 'Ebenezer Sommers'),
(77, 'Desirae Lodford'),
(78, 'Dane Mence'),
(79, 'Claire Tollerfield'),
(80, 'Aloin Billiard'),
(81, 'Corenda Doogan'),
(82, 'Catlee Perillo'),
(83, 'Lorianne Tippings'),
(84, 'Griffy Gymblett'),
(85, 'Trueman Davidou'),
(86, 'Valentine Illwell'),
(87, 'Sarena Rowbury'),
(88, 'Daisy MacGibbon'),
(89, 'Stafani Shieldon'),
(90, 'Randa Usher'),
(91, 'Thomasina Godwyn'),
(92, 'Glynis Wasielewicz'),
(93, 'Vinita Palfreeman'),
(94, 'Amandi Wankel'),
(95, 'Rodrick Ive'),
(96, 'Jeannette Webby'),
(97, 'Rozanne Hutchason'),
(98, 'Frankie Entres'),
(99, 'Marmaduke Jobb'),
(100, 'Atalanta Jerrans'),
(101, 'Ekaterina Reggler'),
(102, 'Em Heighton'),
(103, 'Malvina Foulds'),
(104, 'Darnell Winson'),
(105, 'Geri Creagh'),
(106, 'Fergus Remirez'),
(107, 'Kari Olczyk'),
(108, 'Aura Haggata'),
(109, 'Vinnie Surmeyer')


INSERT INTO Usuario (u_id, nombre, telefono) VALUES
(123,'Miguel Pinilla','697301-63253'),
(124,'Andres Villareal','661297-90857'),
(125,'Nedith Samudio','620530-78272'),
(126,'Johel Batista','698777-41195'),
(127,'Rolando Riley','690866-53886'),
(128,'Michael Villa','696335-72326'),
(129, 'Benedetta Sadlier', '675646-16115'),
(130, 'Connie Fanshawe', '610840-41214'),
(131, 'Roxane Heber', '657324-53307'),
(132, 'Eva Whear', '614884-51311'),
(133, 'Bondon MacGinney', '633136-38237'),
(134, 'Erin Smullin', '612653-04393'),
(135, 'Adrien Chester', '683593-88757'),
(136, 'Fawne Jovey', '638028-19110'),
(137, 'Valentin McCard', '654626-75680'),
(138, 'Emelina Sunnex', '678397-74905'),
(139, 'Emmerich Fedder', '679531-18559'),
(140, 'Dorotea Sommerton', '666190-78294'),
(141, 'Anica Kendall', '693204-13393'),
(142, 'Alverta Goodfellow', '693141-24720'),
(143, 'Natalie Ratnage', '680248-67742'),
(144, 'Toni Trout', '655291-32414'),
(145, 'Seamus Bromfield', '658144-21023'),
(146, 'Vernen Pady', '636673-74658'),
(147, 'Edee Kimblen', '676026-51003'),
(148, 'Erich Ridel', '617460-43710'),
(149, 'Analise Mattholie', '609440-33082'),
(150, 'Lavinie Alen', '696060-96204'),
(151, 'Arabela Bartle', '654073-16111'),
(152, 'Vern Jurasek', '611673-63950'),
(153, 'Stirling Demare', '627990-14021'),
(154, 'Burch LeEstut', '650954-59164'),
(155, 'Calypso Palluschek', '630694-84762'),
(156, 'Jocelyne Weinham', '698508-16737'),
(157, 'Marmaduke Haxbie', '641172-91987'),
(158, 'Hinda Heaseman', '659588-11159'),
(159, 'Chicky Murrish', '612433-50008'),
(160, 'Ring Marklin', '647181-50261'),
(161, 'Faythe Kildea', '627444-55554'),
(162, 'Nikkie Punch', '674897-63786'),
(163, 'Carolee Lavigne', '660833-28466'),
(164, 'Wanids Iowarch', '681539-78092'),
(165, 'Vivyan Munn', '626118-32845'),
(166, 'Cecil Mallalieu', '691746-08013'),
(167, 'Margaretha Maharry', '655456-98823'),
(168, 'Giorgi Meconi', '626985-39295'),
(169, 'Sterling Moriarty', '696988-56024'),
(170, 'Giselle Jent', '642475-70813'),
(171, 'Mufinella Downer', '617682-72588'),
(172, 'Iggie Worters', '694371-21547'),
(173, 'Lowrance Schruurs', '634233-75750'),
(174, 'Eustacia Kerss', '669106-07135'),
(175, 'Dyane Trank', '613764-06901'),
(176, 'Sadie Wind', '641457-31398'),
(177, 'Guntar Dowtry', '661561-16982'),
(178, 'Sondra Rosen', '655990-99248'),
(179, 'Parrnell Scatchard', '645021-29583'),
(180, 'Lela Ream', '604260-95579'),
(181, 'Ignazio Wabersinke', '690838-36112'),
(182, 'Lou Culshaw', '625427-03655'),
(183, 'Trixie Paff', '678201-08257'),
(184, 'Damian Hembrow', '685417-95825'),
(185, 'Mariellen Bendelow', '683610-37646'),
(186, 'Robbin Camolli', '660392-17223'),
(187, 'Martie Gocher', '640325-70522'),
(188, 'Angeli Adamczewski', '657913-03665'),
(189, 'Evey Lillistone', '606528-90223'),
(190, 'Robbyn Taggerty', '656548-27056'),
(191, 'Darin Delgardo', '647342-31006'),
(192, 'Randell Herion', '602918-16180'),
(193, 'Ulysses Armall', '660634-43979'),
(194, 'Kennett Malarkey', '668427-88455'),
(195, 'Doreen Gobbett', '655559-83596'),
(196, 'Pippy Cleeves', '653671-56254'),
(197, 'Rochette Clayhill', '646966-25190'),
(198, 'Roma Lumsdaine', '630204-47787'),
(199, 'Berkie Venediktov', '646125-34903'),
(200, 'Benetta Maddick', '693549-64344'),
(201, 'Ophelie Etoile', '656860-70032'),
(202, 'Toddie Aston', '640243-45130'),
(203, 'Raphael Gillice', '697762-75537'),
(204, 'Kelley Wennington', '622035-99525'),
(205, 'Katya Sutherby', '683736-02839'),
(206, 'Gloriane Kissell', '609254-88377'),
(207, 'Syman Cawdell', '694260-37643'),
(208, 'Norri Kuscha', '617302-75711'),
(209, 'Henryetta Dusting', '644960-01049'),
(210, 'Brien Di Maria', '663265-83513'),
(211, 'Lind Osbourn', '665591-93283'),
(212, 'Laverna Haddick', '690667-40758'),
(213, 'Sigfried Brighty', '647282-56276'),
(214, 'Agnella Harbin', '606119-10146'),
(215, 'Thorsten L''Amie', '694254-91494'),
(216, 'La verne McCloughlin', '662837-49642'),
(217, 'Lotta Balston', '664224-00889'),
(218, 'Leonhard Rubie', '609067-07093'),
(219, 'Valery Pollard', '697570-13969'),
(220, 'Corinne Hanscom', '690245-25131'),
(221, 'Giles Hooks', '639880-21655'),
(222, 'Dacia Leppo', '699094-27194'),
(223, 'Brantley Tuer', '628440-70532')


INSERT INTO Libro (l_id, titulo, precio, formato, u_id) VALUES 
(223 ,'The Brighter the Light', 20.00 ,'tb', 123),
(224 ,'Reminders of Him', 18.00 ,'cd', 124),
(225 ,'The Housemaid', 12.00 ,'tb', 125),
(226 ,'The Hotel Nantucket', 110.00 ,'td', 126),
(227 ,'The Perfect Marriage', 16.00 ,'tb', 127),
(228 ,'Quicksilver', 8.00 ,'cd', 128),
(229, 'The Hunger G', 19.28, 'td', 189),
(230, 'Harry Potter', 143.88, 'tb', 164),
(231, 'To Kill a Mo', 139.92, 'cd', 188),
(232, 'Pride and Pr', 137.75, 'td', 138),
(233, 'Twilight', 84.5, 'tb', 175),
(234, 'The Book Thi', 24.54, 'cd', 142),
(235, 'Animal Farm', 134.17, 'td', 195),
(236, 'The Chronicl', 36.26, 'tb', 187),
(237, 'J.R.R. Tolki', 24.49, 'cd', 138),
(238, 'Gone with th', 143.72, 'td', 215),
(239, 'The Fault in', 98.87, 'tb', 141),
(240, 'The Hitchhik', 130.64, 'cd', 157),
(241, 'The Giving T', 44.08, 'td', 145),
(242, 'Wuthering He', 108.19, 'tb', 197),
(243, 'The Da Vinci', 133.15, 'cd', 141),
(244, 'Memoirs of a', 78.37, 'td', 192),
(245, 'The Picture', 28.03, 'tb', 202),
(246, 'Alice''s Adve', 147.27, 'cd', 160),
(247, 'Jane Eyre', 9.21, 'td', 220),
(248, 'Les Misérab', 123.98, 'tb', 161),
(249, 'Fahrenheit 4', 83.31, 'cd', 184),
(250, 'Divergent', 78.73, 'td', 211),
(251, 'Lord of the', 4.9, 'tb', 152),
(252, 'Romeo and Ju', 128.24, 'cd', 138),
(253, 'The Alchemis', 43.89, 'td', 125),
(254, 'Crime and Pu', 23.9, 'tb', 135),
(255, 'The Perks of', 78.94, 'cd', 135),
(256, 'The Great Ga', 93.31, 'td', 184),
(257, 'City of Bone', 47.78, 'tb', 186),
(258, 'Ender''s Game', 102.06, 'cd', 125),
(259, 'The Help', 71.11, 'td', 215),
(260, 'Anne of Gree', 117.89, 'tb', 158),
(261, 'Harry Potter', 88.87, 'cd', 179),
(262, 'The Little P', 32.8, 'td', 215),
(263, 'Charlotte''s', 118.51, 'tb', 196),
(264, 'Of Mice and', 42.46, 'cd', 179),
(265, 'The Time Tra', 3.15, 'td', 203),
(266, 'Dracula', 22.57, 'tb', 163),
(267, 'Brave New Wo', 104.21, 'cd', 136),
(268, 'One Hundred', 69.39, 'td', 186),
(269, 'The Catcher', 133.61, 'tb', 141),
(270, 'The Princess', 56.25, 'cd', 185),
(271, 'The Lightnin', 33.57, 'td', 141),
(272, 'The Secret G', 25.26, 'tb', 127),
(273, 'A Thousand S', 66.95, 'cd', 212),
(274, 'A Wrinkle in', 100.51, 'td', 163),
(275, 'A Game of Th', 69.39, 'tb', 218),
(276, 'The Adventur', 76.05, 'cd', 158),
(277, 'The Lovely B', 98.24, 'td', 138),
(278, 'The Outsider', 40.8, 'tb', 176),
(279, 'Where the Wi', 58.62, 'cd', 193),
(280, 'Green Eggs a', 118.79, 'td', 202),
(281, 'The Odyssey', 126.05, 'tb', 173),
(282, 'Life of Pi', 90.25, 'cd', 149),
(283, 'A Tale of Tw', 57.99, 'td', 129),
(284, 'Water for El', 50.17, 'tb', 216),
(285, 'Lolita', 4.23, 'cd', 186),
(286, 'Slaughterhou', 79.89, 'td', 217),
(287, 'Frankenstein', 20.15, 'tb', 196),
(288, 'The Kite Run', 26.43, 'cd', 137),
(289, 'The Handmaid', 111.27, 'td', 220),
(290, 'The Giver', 60.52, 'tb', 139),
(291, 'Catch-22', 122.72, 'cd', 178),
(292, 'Dune', 3.34, 'td', 152),
(293, 'The Pillars', 147.23, 'tb', 204),
(294, 'The Stand', 47.83, 'cd', 218),
(295, 'The Adventur', 8.89, 'td', 189),
(296, 'Watership Do', 75.38, 'tb', 180),
(297, 'Great Expect', 36.57, 'cd', 202),
(298, 'Little Women', 72.79, 'td', 161),
(299, 'The Bell Jar', 83.12, 'tb', 190),
(300, 'Harry Potter', 4.94, 'cd', 201),
(301, 'One Flew Ove', 84.88, 'td', 129),
(302, 'Anna Karenin', 31.19, 'tb', 126),
(303, 'Outlander', 56.02, 'cd', 166),
(304, 'My Sister''s', 1.47, 'td', 135),
(305, 'Matilda', 12.74, 'tb', 218),
(306, 'The Fellowsh', 58.21, 'cd', 156),
(307, 'The Girl wit', 18.79, 'td', 124),
(308, 'Rebecca', 43.07, 'tb', 154),
(309, '1984', 130.52, 'cd', 172),
(310, 'The Color Pu', 80.34, 'td', 208),
(311, 'A Tree Grows', 88.93, 'tb', 189),
(312, 'A Clockwork', 79.19, 'cd', 172),
(313, 'The Road', 68.87, 'td', 136),
(314, 'The Brothers', 92.81, 'tb', 160),
(315, 'Angela''s Ash', 25.0, 'cd', 151),
(316, 'Vampire Acad', 130.7, 'td', 130),
(317, 'Siddhartha', 23.34, 'tb', 184),
(318, 'The Poisonwo', 149.57, 'cd', 171),
(319, 'The Golden C', 56.21, 'td', 140),
(320, 'Don Quixote', 137.36, 'tb', 209),
(321, 'Atlas Shrugg', 105.87, 'cd', 181),
(322, 'Harry Potter', 1.83, 'td', 132)


INSERT INTO Autor_de_Libro (a_id, l_id) VALUES
(11, 223),
(12, 224),
(13, 225),
(14, 226),
(15, 227),
(16, 228),
(17, 229),
(18, 230),
(19, 231),
(20, 232),
(21, 233),
(22, 234),
(23, 235),
(24, 236),
(25, 237),
(26, 238),
(27, 239),
(28, 240),
(29, 241),
(30, 242),
(31, 243),
(32, 244),
(33, 245),
(34, 246),
(35, 247),
(36, 248),
(37, 249),
(38, 250),
(39, 251),
(40, 252),
(41, 253),
(42, 254),
(43, 255),
(44, 256),
(45, 257),
(46, 258),
(47, 259),
(48, 260),
(49, 261),
(50, 262),
(51, 263),
(52, 264),
(53, 265),
(54, 266),
(55, 267),
(56, 268),
(57, 269),
(58, 270),
(59, 271),
(60, 272),
(61, 273),
(62, 274),
(63, 275),
(64, 276),
(65, 277),
(66, 278),
(67, 279),
(68, 280),
(69, 281),
(70, 282),
(71, 283),
(72, 284),
(73, 285),
(74, 286),
(75, 287),
(76, 288),
(77, 289),
(78, 290),
(79, 291),
(80, 292),
(81, 293),
(82, 294),
(83, 295),
(84, 296),
(85, 297),
(86, 298),
(87, 299),
(88, 300),
(89, 301),
(90, 302),
(91, 303),
(92, 304),
(93, 305),
(94, 306),
(95, 307),
(96, 308),
(97, 309),
(98, 310),
(99, 311),
(100, 312),
(101, 313),
(102, 314),
(103, 315),
(104, 316),
(105, 317),
(106, 318),
(107, 319),
(108, 320),
(109, 321),
(41, 322),
(107, 228),
(16, 287),
(66, 228),
(91, 304),
(59, 235),
(93, 282),
(91, 253),
(33, 248),
(16, 239),
(34, 302),
(77, 304),
(56, 293),
(12, 263),
(73, 296),
(24, 242),
(89, 270),
(67, 266),
(83, 247),
(62, 245),
(73, 303),
(65, 318),
(71, 242),
(55, 320),
(42, 253),
(16, 231),
(87, 266),
(30, 318),
(14, 302),
(43, 267),
(22, 252),
(78, 322),
(81, 319),
(84, 287),
(53, 268),
(22, 287),
(103, 275),
(78, 259),
(85, 290),
(65, 291),
(75, 291),
(57, 259),
(20, 250),
(17, 243),
(99, 224),
(42, 312),
(58, 238),
(55, 274),
(108, 309)



